{"cameraMode":{"drawMode":0,"name":"Shaded","section":"Shading Mode"},"sceneLighting":false,"audioPlay":false,"sceneViewState":{"showFog":true,"showMaterialUpdate":false,"showSkybox":true,"showFlares":true,"showImageEffects":true,"showParticleSystems":true},"in2DMode":false,"pivot":{"x":57.810001373291019,"y":13.024023056030274,"z":8.127500534057618},"rotation":{"x":0.04154641926288605,"y":-0.9296504259109497,"z":0.11068224161863327,"w":0.34896060824394228},"size":36.92084884643555,"orthographic":false}