{"cameraMode":{"drawMode":0,"name":"Shaded","section":"Shading Mode"},"sceneLighting":true,"audioPlay":false,"sceneViewState":{"showFog":true,"showMaterialUpdate":false,"showSkybox":true,"showFlares":true,"showImageEffects":true,"showParticleSystems":true},"in2DMode":false,"pivot":{"x":13.734845161437989,"y":-0.18542027473449708,"z":23.071014404296876},"rotation":{"x":-0.09524913877248764,"y":-0.5073811411857605,"z":0.05655188113451004,"w":-0.854573667049408},"size":33.78776550292969,"orthographic":false}