{"cameraMode":{"drawMode":0,"name":"Shaded","section":"Shading Mode"},"sceneLighting":true,"audioPlay":false,"sceneViewState":{"showFog":true,"showMaterialUpdate":false,"showSkybox":true,"showFlares":true,"showImageEffects":true,"showParticleSystems":true},"in2DMode":false,"pivot":{"x":2.552213668823242,"y":-14.174072265625,"z":82.21408081054688},"rotation":{"x":-0.13571983575820924,"y":-0.0718635618686676,"z":0.009870478883385659,"w":-0.9880882501602173},"size":159.3806915283203,"orthographic":false}