{"cameraMode":{"drawMode":0,"name":"Shaded","section":"Shading Mode"},"sceneLighting":true,"audioPlay":false,"sceneViewState":{"showFog":true,"showMaterialUpdate":false,"showSkybox":true,"showFlares":true,"showImageEffects":true,"showParticleSystems":true},"in2DMode":false,"pivot":{"x":-90.67265319824219,"y":-4.396282196044922,"z":3.222487211227417},"rotation":{"x":0.06510517001152039,"y":-0.5477774739265442,"z":0.042813658714294437,"w":0.8329874873161316},"size":151.84259033203126,"orthographic":false}