{"cameraMode":{"drawMode":0,"name":"Shaded","section":"Shading Mode"},"sceneLighting":true,"audioPlay":false,"sceneViewState":{"showFog":true,"showMaterialUpdate":false,"showSkybox":true,"showFlares":true,"showImageEffects":true,"showParticleSystems":true},"in2DMode":false,"pivot":{"x":3.8512516021728517,"y":1.597569465637207,"z":-3.924271583557129},"rotation":{"x":-0.08096957206726074,"y":0.8667134642601013,"z":-0.1496698260307312,"w":-0.46888238191604617},"size":62.41364669799805,"orthographic":false}